uvrh01_x,uvrh01_y,uvrh01_z,uvrh12_x,uvrh12_y,uvrh12_z,uvrh23_x,uvrh23_y,uvrh23_z,uvrh34_x,uvrh34_y,uvrh34_z,uvrh05_x,uvrh05_y,uvrh05_z,uvrh56_x,uvrh56_y,uvrh56_z,uvrh67_x,uvrh67_y,uvrh67_z,uvrh78_x,uvrh78_y,uvrh78_z,uvrh59_x,uvrh59_y,uvrh59_z,uvrh910_x,uvrh910_y,uvrh910_z,uvrh1011_x,uvrh1011_y,uvrh1011_z,uvrh1112_x,uvrh1112_y,uvrh1112_z,uvrh913_x,uvrh913_y,uvrh913_z,uvrh1314_x,uvrh1314_y,uvrh1314_z,uvrh1415_x,uvrh1415_y,uvrh1415_z,uvrh1516_x,uvrh1516_y,uvrh1516_z,uvrh1317_x,uvrh1317_y,uvrh1317_z,uvrh017_x,uvrh017_y,uvrh017_z,uvrh1718_x,uvrh1718_y,uvrh1718_z,uvrh1819_x,uvrh1819_y,uvrh1819_z,uvrh1920_x,uvrh1920_y,uvrh1920_z,answer
-0.8444960926794142,-0.42105045123900464,-0.33097260756841035,-0.6056485881436423,-0.7879080298993107,-0.11131362944311647,-0.5530560644775048,-0.8202739558942129,-0.14587538115224546,-0.6517977467611211,-0.7311340802924509,-0.20150100235988264,-0.3233886473511015,-0.9461812023239529,-0.012685232880156818,-0.13086171680617065,-0.9815139613620787,-0.13966228813055268,-0.08832914853087964,-0.9743286794585639,-0.20707869495518094,-0.04971965623032162,-0.9793674983328821,-0.1958756212332992,0.9570298483801546,-0.28411478209813174,-0.05807460635070522,0.04982578056258818,-0.9673402715083842,-0.2485360953853874,0.10624909918774944,0.9656592951734878,-0.23709334568231663,0.023973499173531164,0.9991247587574802,-0.034278094684268366,0.9670403097706702,0.1980372395866986,-0.16004465319256006,0.049128871923566,-0.9623563524894504,-0.2673136823410254,0.02478591327155028,0.9976147987193934,-0.06442337991257051,-0.03506788255446611,0.9935505830165763,0.1078308054341041,0.8086638622562,0.5575231700313776,-0.18769835577076646,0.11843947927375816,-0.9890244105384826,-0.08833348803465227,0.053469116953675476,-0.9773622791816922,-0.20470473557043647,-0.1051153871484856,0.9943456777449986,0.015080733883449493,-0.10912370889692781,0.9869771235710615,0.11818702849286054,도전 수화 기부
-0.8505196295651417,-0.42495139380326263,-0.30989138843962494,-0.6109854733666914,-0.785122702609327,-0.10138586283257804,-0.5415528609181516,-0.830146124629393,-0.1325817128949748,-0.6094689757024582,-0.7720914683916194,-0.18006202290619067,-0.3198309997088609,-0.9474093808686739,-0.011117403800642637,-0.10701324681324781,-0.9871756181306539,-0.1184587015581723,-0.09495522482501387,-0.9786153365123395,-0.1824706234473695,-0.07628006417044117,-0.9776064342911698,-0.19613008806059823,0.9620849387247112,-0.2643539661792767,-0.06715319236160283,0.03450432569507962,-0.9705395102167886,-0.23845861405385188,0.09871323894433699,0.9664085600140773,-0.23729768559477335,0.008977587570262922,0.9991939240726516,-0.03912678133598767,0.9694502516801362,0.18533545036352506,-0.1606766328868946,0.048844496561804715,-0.9662632108565038,-0.2528826259372193,0.03429777076675095,0.9930190764215373,-0.11285732932932883,-0.028988477380557612,0.9971169069893004,0.07012518788030388,0.824281760069789,0.5342073333011675,-0.18756893416423226,0.12430501932103771,-0.9884336851150656,-0.08687411755780716,0.03459989726407617,-0.9786923747328541,-0.20239585655117057,-0.16184736231052513,0.9835672657453786,-0.08000540648784651,-0.08641564381185167,0.9939847670985309,0.06728015517715674,도전 수화 기부
-0.851637301487158,-0.4302612177138327,-0.2993145356428276,-0.61249913445736,-0.7847164177083116,-0.0952100523475308,-0.5436614147765392,-0.8295260673662611,-0.12774493979425192,-0.6085261861484594,-0.774077386823058,-0.17464272094993308,-0.3192270145692456,-0.9476373026887247,-0.008812248410317683,-0.10676883920876604,-0.9870806541011581,-0.11946630183128037,-0.09621021712383665,-0.9790268803760609,-0.17958274310774533,-0.07209836700780209,-0.9789611291987614,-0.19088460648437383,0.9585629618503639,-0.27506765366345415,-0.07412714804132071,0.03763089416152959,-0.9702423127861859,-0.23919400135437452,0.09507283739188477,0.96867272900463,-0.2294216634779265,0.0013989639545256066,0.9994698310010717,-0.032528446297710435,0.9707931104672289,0.17376338048626713,-0.16542981675425766,0.05318835174078179,-0.9656934958233807,-0.25417921111593117,0.0337118317351866,0.9945140635909495,-0.09902166288684104,-0.032404323218362195,0.9963188069560179,0.079364946560159,0.8161756732866429,0.5457322965856845,-0.18982500045676215,0.12415520586960774,-0.9884676401801498,-0.08670184065036599,0.038442204086492,-0.9783839467121481,-0.2031921498506603,-0.14391923992485722,0.9877425864531368,-0.06043041689678014,-0.0940593325045388,0.9925578729191787,0.07734152102820442,도전 수화 기부
-0.852704597996327,-0.42449448969855347,-0.30446559209783824,-0.614257806746971,-0.7824035751253451,-0.10262549625448475,-0.5470419969621673,-0.8261347853148894,-0.1350791251539847,-0.6090493293144978,-0.7719356220308755,-0.18213816157347587,-0.3200103768284514,-0.9473480132587159,-0.011184833341462192,-0.11012637199712673,-0.9867324589839198,-0.11929474665004074,-0.09322003471185737,-0.9792132998923986,-0.18014255033766904,-0.07161012686283504,-0.979016976693494,-0.19078194117006825,0.9580597097186283,-0.2774448951121582,-0.07173508757965763,0.04042413846142595,-0.9705178829632648,-0.2376150834399076,0.1029679653151351,0.968962668162521,-0.2247419538631568,-0.0009277444794482839,0.9994631227815574,-0.03275065632805477,0.9708802409756475,0.17433358802464632,-0.164314812994817,0.05258582039453392,-0.9663815556751807,-0.25167721459093495,0.04323095748260304,0.994759500995141,-0.09265322171967683,-0.03968610432819133,0.9958972169818364,0.08132494285940219,0.8195730163757426,0.5408697188983116,-0.18910319407040227,0.1241137456966554,-0.9883081183095923,-0.08855981827273035,0.04207461436043411,-0.9787113783367054,-0.20088246499056903,-0.12607510535749208,0.9911228929674176,-0.04219572069528115,-0.10051048737061938,0.9916129941868429,0.08124845652887659,도전 수화 기부
-0.857982543923415,-0.40217876487500465,-0.3195593769650968,-0.6158625170401629,-0.7809481570991077,-0.10408331292028741,-0.5338913778643083,-0.8351293581049187,-0.13235917751866216,-0.6111772069458306,-0.7714921749251874,-0.17681132808476266,-0.32271361250173686,-0.946316511081491,-0.01846578350986592,-0.11098292033799671,-0.9868128851693447,-0.11782665681841023,-0.08577568791511385,-0.9822792397024506,-0.16664341154772552,-0.0696956242058635,-0.9816647215690423,-0.1774172888794371,0.9592686852155492,-0.27471687909754955,-0.06583483807023316,0.04544518062494753,-0.9722280880997876,-0.2295806617897022,0.12377727094606115,0.9727988765286932,-0.19580994106954247,-0.0017014015254507838,0.9999180459348233,-0.012688839455761325,0.9723475220030569,0.1710075150706452,-0.15904944590874173,0.04523460399522431,-0.967206500462439,-0.24993082255815782,0.06573587303461219,0.9959420938918128,-0.061466581251676214,-0.04072940786786224,0.9944548218103286,0.0969573241839976,0.8261043729577243,0.5314936248174056,-0.18725942368430984,0.12145566998661002,-0.9881338679467352,-0.09402116381287615,0.03461630389690101,-0.9779552937934588,-0.20592511951160083,-0.07330215065994669,0.9972256283866004,-0.012955338574369946,-0.09702294435496989,0.991056232101921,0.09161928334491555,도전 수화 기부
-0.846395926056027,-0.43425512798130517,-0.3082797758168717,-0.6093057613374789,-0.786068778596396,-0.10412667533790448,-0.5431158223073348,-0.8282943618922004,-0.13767226887438203,-0.643267053540441,-0.7415736566842271,-0.19046261980079793,-0.31883718489291174,-0.9477218156227798,-0.01289223495849355,-0.11432214111662549,-0.9861107868226922,-0.12048221512920979,-0.09196061897127086,-0.9799896888428551,-0.17653173743014244,-0.06584875713831849,-0.980868743678985,-0.18319511144391526,0.9618978131438013,-0.26433268296246837,-0.06986293571727371,0.048096611719701546,-0.9702665341058074,-0.2372120754417621,0.11522273623367452,0.9721510905190685,-0.2040734628936625,0.0032043039684340638,0.9998667689248509,-0.016005525166538997,0.9658692314975087,0.20242381798523826,-0.16162062231872185,0.05470220493877825,-0.9648099807118912,-0.2571951980375139,0.052794330936281136,0.9964878232783941,-0.06499828212251788,-0.04004610918966006,0.994160530293241,0.10020553450699009,0.8151067212867401,0.5484845810585023,-0.1864556173845665,0.12390711645189366,-0.988214974743724,-0.08987875268848626,0.03943378351404008,-0.9789552233090576,-0.20022898759590493,-0.08734444619007206,0.996165855033054,0.004953482210925354,-0.08287522076244146,0.9910213058850109,0.10492125173454686,도전 수화 기부
-0.8477821717050118,-0.43152218685017063,-0.30830827364049185,-0.607756509250657,-0.7870070609591922,-0.10607502752217594,-0.5388290118671356,-0.8308742368780618,-0.13896509800156545,-0.6214206695918821,-0.7607476542155638,-0.1873482265982092,-0.3205365718649928,-0.9471324532350696,-0.014015067818492724,-0.10754124725365356,-0.9870897287323515,-0.11869603013673788,-0.08453255106982825,-0.9808894961547308,-0.17524281481117995,-0.0711805384759463,-0.9797840399016959,-0.18696675131206167,0.9636774860457655,-0.2581791799786412,-0.068331646504893,0.042124615477760176,-0.9708539531282575,-0.23594092155894897,0.11619368535097312,0.9709062898244933,-0.20938004647959188,-0.0028285453284658214,0.9997316010587173,-0.022994024786854573,0.9681646372539923,0.1919122138474247,-0.160707614464984,0.05506386199360597,-0.9659062103191749,-0.25296870156048773,0.05491212442291791,0.9956912430622158,-0.07472353766104325,-0.03517569613956401,0.9952021475037517,0.09129817087443723,0.817674558344273,0.5443075559461955,-0.1874502632070097,0.12236275848397322,-0.9883383088234229,-0.09063521748332377,0.043551171353951576,-0.9787399037608402,-0.20042828208593752,-0.10520512139007424,0.9942833531210017,-0.018234476679009685,-0.09589312191884723,0.9911962720149762,0.09129326104521879,도전 수화 기부
-0.8467806819435798,-0.4350928461876822,-0.3060338083994441,-0.6099339592893862,-0.7858507033037132,-0.10207466591977137,-0.5354131482476724,-0.8339784721428241,-0.13346411010394071,-0.6139971744843121,-0.7685989979448119,-0.17961918072275096,-0.3191964293253865,-0.9476083857654695,-0.01232828994161996,-0.10461480859724434,-0.9874091385283853,-0.11865468795118822,-0.08769172484066812,-0.9800497176874148,-0.17836118483371613,-0.07182153990823847,-0.9788834100567324,-0.19138687499646437,0.9613350659764422,-0.2661931243801376,-0.0705415583667529,0.040420072668287906,-0.9704499027970754,-0.23789326154104717,0.10843681170786276,0.9698952834314145,-0.2180472358094216,0.004238999610887864,0.9996025206518572,-0.0278716987059002,0.9676032093672482,0.19272652608503824,-0.16309664424933604,0.05520709262073433,-0.9651291697779948,-0.25588642513428506,0.053668664072882045,0.9948264459758115,-0.08625553248208404,-0.040097746883601675,0.9956457353432393,0.08415307711354914,0.8202671040857209,0.5397612795684997,-0.18926076992710597,0.12417682807081333,-0.9881860118998171,-0.08982494784749902,0.04530134020273531,-0.9779736903620209,-0.20375291294979378,-0.12705711256588895,0.9910196868031997,-0.04167097928902975,-0.10529008302302842,0.991073703611159,0.08177354356675808,도전 수화 기부
-0.8539144920281394,-0.4273781210570293,-0.2969477764626094,-0.6044125752282213,-0.791589362264089,-0.08984275405575247,-0.5296837325166281,-0.8396484052738806,-0.12010703155220427,-0.6169135883294359,-0.7698753312779302,-0.16343071566935205,-0.3196838031929326,-0.9474933096609477,-0.00766120903289609,-0.10441477607844073,-0.9883592723031538,-0.11065036551620369,-0.08174004719164844,-0.9821615971906631,-0.1693433249023789,-0.06639690272844644,-0.9803954062290992,-0.18551630319987752,0.9605865456751831,-0.2697050801806431,-0.0673250175831568,0.03865549911334313,-0.9720311340150173,-0.23164893026685432,0.10647694739315422,0.9694098554588294,-0.22114970452869062,0.004417692634590843,0.9996070414919067,-0.02768115950576963,0.9689935459938245,0.18877122833996782,-0.15942688347118228,0.05360718881173195,-0.9668179921292994,-0.24977838057520785,0.0444613472251897,0.9937995223046475,-0.10191024516689012,-0.03169042739867695,0.9965726782927039,0.07641082182384969,0.8213554523363117,0.5393871406111467,-0.18557137026153575,0.12352166847735856,-0.9889164884139608,-0.08238067952845568,0.04371411660394693,-0.9783677661280843,-0.202201855112852,-0.146625401913203,0.9860626022920066,-0.07862274400520239,-0.09711303567734153,0.9928338748004902,0.06964162081812604,도전 수화 기부
-0.8495086923444676,-0.4378300253835197,-0.2943464803660122,-0.6041255624361851,-0.7914018288208708,-0.09335657529142741,-0.53045559601647,-0.8383033498689596,-0.12595377824143428,-0.6170739056463441,-0.7680347855657521,-0.17129612701791022,-0.31700321198371356,-0.9483990726590318,-0.006939925899973732,-0.1041142308890232,-0.9882754265227828,-0.1116776981209717,-0.08272271478785373,-0.9813174366526035,-0.17370388878689755,-0.06804614100081297,-0.9795420657026276,-0.18938601905612437,0.9616024143820718,-0.2647388841125218,-0.0723472175928486,0.03898133059003178,-0.9713545859290577,-0.23441570821943547,0.11100654600041089,0.9687860185629603,-0.22165558188772527,-0.0006373606852409304,0.9995201495098326,-0.03096876644619282,0.966195919870996,0.1978515467740048,-0.16528826293410498,0.05536198517198519,-0.9663310804984078,-0.2512753339677344,0.04560173937468684,0.9941455002851728,-0.09795512048252882,-0.036408926720842755,0.9964549826490505,0.07584100216186933,0.8188945444353937,0.5418340215701555,-0.1892818484775054,0.12636518434116942,-0.9883898255586592,-0.08436464258530195,0.044750905702373917,-0.9784506317385129,-0.20157310755485777,-0.14412910093367304,0.9875984217050486,-0.06225881230595339,-0.10498578088709537,0.9919537427132414,0.07075138252160908,도전 수화 기부
-0.8303077105107617,-0.4650763698289369,-0.3070717767772138,-0.6000252508056403,-0.7922369877829525,-0.11104167498836778,-0.5419703497966174,-0.8274418738370838,-0.14699688895452037,-0.6243521526948059,-0.7553030602446053,-0.1992527957407269,-0.3099837673078773,-0.9506047317103657,-0.016146456437229086,-0.10886302354518093,-0.9860667015874248,-0.1257827576621612,-0.08145651862088103,-0.9790887038096427,-0.18641390947705452,-0.05871105373744975,-0.9795122374545734,-0.19263641619842767,0.9663637186540706,-0.24613738325593984,-0.07454898948339199,0.04693464618795537,-0.9692351720452287,-0.24162019836443172,0.10604847934695458,0.9702790108295436,-0.2175140482172153,-0.004335747707413905,0.9996500447953471,-0.026095770394414686,0.9625170274266397,0.2153408723996579,-0.16489172383094225,0.054574628091908765,-0.9646227871889771,-0.25792341577375105,0.043333908069148754,0.9958257570329055,-0.08033202375948913,-0.041220136646575554,0.9949884776490371,0.09109791260226137,0.8050619721409273,0.5621582365838115,-0.18934977700948108,0.1328011853488388,-0.9864674446419748,-0.09615521739081864,0.04312146485878149,-0.9787926882879922,-0.20026335816219157,-0.1189024624736703,0.9927590446012698,-0.0170787522984406,-0.10477545041815421,0.9897946114608794,0.09658536179297292,도전 수화 기부
-0.8186049808229816,-0.48295979526709953,-0.3108628661120002,-0.5866121775870295,-0.8022717890063681,-0.11066223236102195,-0.5468787926988324,-0.8238037733371055,-0.14923447702127776,-0.6309101626850764,-0.7494162471845396,-0.20081746706034165,-0.2963549645054841,-0.9548013922420003,-0.022979042314490723,-0.12340358377090448,-0.981709271390667,-0.1449774533439705,-0.1033870362380263,-0.9735385506539742,-0.2037984571297737,-0.052466650310784825,-0.9795900364326402,-0.19403765388981722,0.9689933323185907,-0.23489312718710892,-0.07666251184493025,0.053241591685503194,-0.965644282192557,-0.25435497475696345,0.06591786946319934,0.9727291152219637,-0.22238008652963548,0.024684833411011003,0.9995889669893964,-0.01457930288258735,0.9576817801635403,0.2329073737779263,-0.16911464508628904,0.05784786804714114,-0.9608170848481608,-0.27107960754413607,-0.029067141301250682,0.9956527374943649,-0.08849139854556708,-0.02725564742830536,0.9946317249818993,0.09982415210155948,0.805372298431388,0.5604460690886626,-0.19306906681912886,0.14024248725497837,-0.9845795863663904,-0.10457094663014632,0.03521516262987356,-0.980638251557656,-0.1926356973743315,-0.23878502782336272,0.9710342941246537,0.008608723554140552,-0.09120148714572067,0.9897759124435987,0.1096628099624052,도전 수화 기부
-0.8072855878856007,-0.4989509468145391,-0.3151792065874187,-0.5523169399997251,-0.827223707481779,-0.10318398891998821,-0.48905632539816024,-0.8619325950071691,-0.13377635161812473,-0.5826424700944236,-0.7928985895926592,-0.17843648355714867,-0.26460952081807815,-0.9641443774122198,-0.02018467232406941,-0.08282815865703327,-0.9889964006136805,-0.12257901821547469,-0.03473090161853962,-0.9827436275174951,-0.181683040062957,-0.02543379460915137,-0.982105182028494,-0.18660796747341277,0.9830408248418668,-0.17268408876327637,-0.06173282904759201,0.08329213983645971,-0.9671476948004658,-0.24018275517532256,0.0775861986142829,0.9661176266959012,-0.2461648089635564,-0.03882795983639174,0.9989692037015662,-0.023514242297008867,0.9428806351545131,0.2979581807718228,-0.14898667847082098,0.0846082221220754,-0.9612796442692044,-0.2622649314395911,0.023025759567882702,0.994137316604525,-0.1056447354612455,-0.08589440050143177,0.9925462870184313,0.08645241516826242,0.7767632166736608,0.6062086301847635,-0.17073371638988072,0.1789845324264118,-0.979310166479704,-0.09442528782901927,0.06938072834843795,-0.9763753801475119,-0.20463976049546628,-0.17264111275116986,0.9832064463571059,-0.05916189677376329,-0.15777360988132064,0.984165075057072,0.0807873323171682,도전 수화 기부
-0.7958065127114704,-0.5333407593882356,-0.28677452589305863,-0.5245746398329406,-0.84563497171964,-0.09860497882391306,-0.45792505440605674,-0.8776905261584338,-0.14129396603868713,-0.5799867436656208,-0.7896494454139615,-0.20017275171604293,-0.2416659216188464,-0.9702400080112394,-0.015228564688234759,-0.08378814482355203,-0.9876758630933576,-0.13219658183863373,-0.0005965450449809913,-0.9839374922310462,-0.17851233995466323,0.024367607202879508,-0.9838465130543569,-0.17734784596940892,0.984342824387904,-0.14915120212348448,-0.0939314802457806,0.11812551099112933,-0.9625193701178368,-0.24413689971212316,0.08141605675542443,0.9679009999211351,-0.23777947778154568,-0.061696772251341965,0.9980602518715033,-0.008321173472367542,0.9383326269829397,0.29585914676866926,-0.17888333184679428,0.13456592650957444,-0.9542726718778924,-0.2669375940733119,0.011612896811393963,0.9954633992759838,-0.09443389926054749,-0.1047607039681614,0.9895196065704158,0.09937878605026639,0.7347959879667775,0.650900593238801,-0.19079641974970157,0.19344750422313572,-0.9757728198628692,-0.10220306808850789,0.1167725179265219,-0.9692052789996698,-0.2168070714166686,-0.07980104546504192,0.9961985540792724,-0.034931847833363575,-0.14406011148726852,0.983405823877076,0.11027089299958209,도전 수화 기부
-0.8340286233820291,-0.431785414313267,-0.34344957616191335,-0.5793707477544429,-0.8091181705425512,-0.09827167824115288,-0.5712489104378766,-0.8114975542597873,-0.12307071850737886,-0.7710909148243382,-0.6077209999598557,-0.18998417640203166,-0.31131019696508155,-0.9499690091173484,-0.025393758724640746,-0.14049442831330874,-0.9827976512605682,-0.11987531976861263,-0.0814159677815698,-0.9787407294228486,-0.1882498997583281,-0.02494832866035869,-0.9795371926651409,-0.19971096385213669,0.9161008484492851,-0.4009479211450036,0.0,0.03306579519193707,-0.9759584321928826,-0.21543396162150316,0.1352102948404771,0.7361773882746552,-0.6631448025599377,0.10899736816827367,0.9871179416914676,-0.11712276859428365,0.9920201810991925,0.0768213368879703,-0.09997220859153888,0.06534896239637912,-0.9759593142434002,-0.20792529921889855,-0.13018815191337213,0.48274122134247993,-0.8660323078951221,0.03727150073732822,0.9978781080612594,-0.053386484102896606,0.8710057716902566,0.46617150721451056,-0.15502603505092946,0.11006555923515511,-0.9915810617770012,-0.06820975440102023,0.044185092005010404,-0.9821069912142415,-0.183067024481796,-0.5480885267596779,-0.5779944001933903,-0.604583691625476,-0.10719850435999852,0.992160964391608,-0.06422695229024707,도전 수화 기부
-0.9081152382220359,-0.24596798039556136,-0.33886054171157776,-0.6599360549999017,-0.7449332259365482,-0.09776958733130839,-0.583174483609442,-0.8030850048182595,-0.12231924093500955,-0.7786155429574818,-0.6013987329329785,-0.17910164793109484,-0.3765932399299277,-0.9260350985251754,-0.025229505317160606,-0.15253553484950158,-0.9821840677281259,-0.10976050158963617,-0.1587764822070833,-0.9750547564078784,-0.15510722324997148,-0.10167678075569242,-0.9817586281062862,-0.16066060000517113,0.8917106571535443,-0.4521993955215422,-0.019178389107173337,-0.01218676916243899,-0.9772994988364202,-0.2115116361609054,0.025988225440371538,0.9769155696530728,-0.21203910466673992,0.07300747709548568,0.9973312060163557,-0.0006113870407886058,0.9926845529035497,0.03162304727730983,-0.11652193487741541,-0.03801540212200348,-0.9747858754707269,-0.21988025419366558,-0.0865689256868724,0.9936545592943218,-0.07180834143069953,0.05829377768537916,0.9941291234022203,0.09115438270703453,0.9027421104046102,0.3958183438134198,-0.16847706313629754,0.07928327921087291,-0.9936929861685414,-0.07929950111455963,-0.030457705561733286,-0.9889562042778832,-0.14504466274977737,-0.5992715095009955,0.8003949057629552,0.015545183469751356,-0.061068124997147984,0.9944725194026162,0.08541131226217055,도전 수화 기부
-0.898894244203066,-0.3672151522967044,-0.23904428389381546,-0.63745001692966,-0.7687237747192919,-0.052165449271522106,-0.5787133276604319,-0.8106675848099624,-0.08893228506325475,-0.7874800716472908,-0.6007501978398074,-0.13774736496140355,-0.3791743799462186,-0.9252735922727244,-0.009775941649202006,-0.18786473954959684,-0.9730144862502852,-0.13397630081867345,-0.085840390203531,-0.9790584255838534,-0.1845969303725607,-0.009918580913799527,-0.9834115406602998,-0.18111698829428435,0.8983075749458592,-0.42896830481805065,-0.09502470340083952,0.0001009350992564186,-0.9678848350876641,-0.25139398524911244,0.09844837662960627,0.9123474275856253,-0.3974041878451806,0.11206693647733144,0.9925370006949384,-0.04807602313088527,0.9839893755186518,-0.04193462390960549,-0.17322354396551687,-0.0004558607447321805,-0.9718648252047086,-0.23553885819711945,-0.056837831825835225,0.9844285723168538,-0.16634255883428947,0.07910158891625244,0.9948699471724515,0.06306129434136087,0.9265400710969147,0.3213092432068538,-0.19566263537416373,0.09473681718833789,-0.991286462294902,-0.0915209546490917,-0.014092262432855912,-0.980615071035492,-0.1954366664614923,-0.514834500138099,0.8444112913290902,-0.14803718635360566,-0.03191015381801304,0.997672006499406,0.06026864467332755,도전 수화 기부
-0.8276001052861646,-0.4566525261684143,-0.3264146689018973,-0.6261232660757496,-0.7698938436180469,-0.12342254752542656,-0.5842299394423209,-0.795172489299099,-0.16240717385970452,-0.6616400415116117,-0.7213610982562898,-0.2046231203725326,-0.3062991942320231,-0.9519158567271515,-0.0060832001632923115,-0.13878820228088226,-0.9780467333484647,-0.15544266561674214,-0.06000625328314473,-0.9691933084964319,-0.23887984496951414,0.008975529951760135,-0.9703216837234118,-0.24165113274770364,0.9527084516370231,-0.2981182712418407,-0.05892454947780637,0.04419133569380306,-0.9565410210048022,-0.2882297711630221,-0.09225447267652104,0.8454581414360803,-0.5260129688045969,0.004245123405565185,0.9967045582780008,-0.08100618763481399,0.9801757442827309,0.10964606153551487,-0.16502500268003215,0.07563385063875094,-0.9596029146318673,-0.2710014148811408,-0.2923701573341465,0.8348863222123828,-0.466352356146174,-0.009675593828083568,0.999837595043081,0.01520415806751193,0.8511118661100356,0.4850252073236265,-0.20089584273290936,0.14900110996801094,-0.9855283960394005,-0.08082357223179105,0.06497271310798698,-0.9716966864950949,-0.22712132441899963,-0.7995832988805828,0.33065568630509584,-0.5013315921277561,-0.11438270073537497,0.9933828603842428,0.01034845241093351,도전 수화 기부
-0.671265901106487,-0.7118183363326711,-0.20668029918762068,-0.492030235376152,-0.8684199035843544,-0.06126270100337713,-0.4180785052205987,-0.9026981459521217,-0.10171735725583866,-0.4863717621692756,-0.8611490856060419,-0.14786737748479703,-0.19055307766619514,-0.9813892973171354,0.023760717651621216,0.020567677047153947,-0.9935982958651866,-0.11108283897470968,0.06208015723124356,-0.9791376234607029,-0.1934827341182436,0.10242346158890907,-0.9737856595549543,-0.20310323424620258,0.9924219018961343,0.01891613007622694,-0.12141230851852998,0.1834884558041523,-0.9538918485044751,-0.2375338458900611,0.0013669915596806461,0.936754326918016,-0.34998494586831974,-0.16628557850554135,0.9832587673067923,-0.07450706607701482,0.8713189250025454,0.4478383328137322,-0.20060946785988357,0.1958860528174368,-0.9399799012649172,-0.27940372139540487,-0.07610687562124241,0.9777579210625724,-0.19544101740056852,-0.17743831339929977,0.9813327699535478,0.07417303791344396,0.6521255716818896,0.7326402532782558,-0.1948602012596258,0.25259924222375646,-0.9647855871072889,-0.07336479903896735,0.17682636279341632,-0.9594073127993845,-0.21970445049728732,-0.19180836263085216,0.9698229664267901,-0.15050902237411842,-0.23382533184744866,0.9664350795382969,0.10643754612088854,도전 수화 기부
-0.7965970217094236,-0.5323186512422182,-0.2864786877646253,-0.5000413009324802,-0.8624071814708723,-0.07881973553126606,-0.45313123849131887,-0.8850237251250065,-0.10679460037464633,-0.5419115883378849,-0.828414117827518,-0.14163996543760482,-0.22473190702386028,-0.9744172530280358,-0.0025665086626863033,-0.05702645112369906,-0.9916904110245595,-0.11531744254091236,-0.01639321294095789,-0.9811678922018175,-0.19245994357713692,0.056039706810496644,-0.9768853629475654,-0.20628751518062588,0.9938588135111864,-0.10080951854029095,-0.045630031534193136,0.11584145690068176,-0.9663431839420051,-0.22969895017599798,-0.11632106478210898,0.849696536608429,-0.5142812514214347,-0.04519926765897643,0.9959796732756775,-0.0773402652230188,0.9238861011490064,0.3503343186208847,-0.15394913867939702,0.128716530243906,-0.9659453557056127,-0.22445851427987115,-0.32437243030295637,0.8283626751008356,-0.4567250868510962,-0.08143649870295473,0.9966342310323308,-0.00939713858566462,0.7337095848503066,0.6548580014135338,-0.18119393776686551,0.19069703610762367,-0.9791370660010633,-0.07018009976194764,0.11770141318418902,-0.9712244825665414,-0.20704922554262023,-0.7408420784629955,0.06874541877805422,-0.6681519903252993,-0.15701098856043563,0.9872514922402092,-0.02611590589573535,도전 수화 기부
-0.9075114952800696,-0.23860327994736122,-0.3456752243550202,-0.6508042932641421,-0.7507009650963581,-0.1135862354000572,-0.551761621778706,-0.8227631581993876,-0.13645474796393764,-0.6525345695015166,-0.732596067168547,-0.19365339649654553,-0.3956002992058409,-0.9176235847488635,-0.03830613502944756,-0.2767753893705629,-0.9487662583570751,-0.15244005655302348,-0.24248725215319739,-0.9500600214047522,-0.19643291035769317,-0.18832584588466958,-0.9613846078179311,-0.20068136839922754,0.8280581385047547,-0.5603908506329991,-0.016787310173587144,-0.05645260987505227,-0.9785899595476902,-0.19792623350820626,-0.005667804181893074,0.9413157823457163,-0.337479590349739,0.05555719550140655,0.9981713459424894,-0.023819365385711156,0.9927906370430528,-0.028093896523099203,-0.11652246125875859,-0.06516722819189999,-0.976584883558735,-0.20502487062392413,-0.08737002241846256,0.9883326157694646,-0.12476024923382019,0.07330643276457721,0.9939319996433793,0.08200821300483299,0.8794165213336647,0.44356895996300105,-0.17283853668304958,0.0545399668422142,-0.9941842398103448,-0.0928605908315106,-0.05334650997877062,-0.9833837712628754,-0.1735237974742652,-0.7432833748401044,0.6547661005497297,-0.13715384886034374,-0.057425404926157705,0.9952407929536363,0.07872792966974425,도전 수화 기부
-0.762732440269715,-0.6233336007425737,-0.17232076701751112,-0.5506466036622837,-0.8346657707162697,0.01101676312749974,-0.4839492403557818,-0.8750771383958438,0.0057562675409397815,-0.5331570434017389,-0.8454287797956214,0.031523727006860396,-0.28054173995894494,-0.9592730122356564,0.03303967519722602,-0.1599419129964227,-0.9850265476848133,-0.06435281519236834,-0.13022679683469202,-0.9842057819669546,-0.11991647146656441,-0.08447715426447112,-0.9895051634990495,-0.11723114695376782,0.9538850938851552,-0.2996468383178837,-0.01774823793520713,-0.054588691421064726,-0.9963078870505894,-0.06626212319059822,0.04374551343779726,-0.9889501415052018,-0.14164726496090596,0.1705040287419237,-0.972522184335208,-0.15852121990020415,0.9658022375485088,0.22486672349808892,-0.1290774752213869,0.034756098682766245,-0.9924585319103123,-0.11755031281447693,0.05616480855496363,-0.9843521095557061,-0.16702227005167755,0.16300911711440344,-0.9728632445257658,-0.1642106427378648,0.8374022799009142,0.5222487184192247,-0.1612876242190589,0.14666955541915339,-0.9890732353127086,-0.014905592950263028,0.06350504966583856,-0.9864913435244452,-0.15100310532659444,0.07290817285475275,-0.9906345231718493,-0.11544539761750643,0.15485024471984793,-0.9861289890356661,-0.05975800108519558,도전 수화 기부
-0.7097151554480385,-0.6830053647360872,-0.17265013718236952,-0.48171447769786796,-0.8763008413372123,-0.006928019050496591,-0.3695740864446319,-0.9291670911446954,-0.007969401628797567,-0.4496712353063221,-0.8931921509672353,-0.0018872171602482973,-0.1949609915207645,-0.9805523765557282,0.022522180537280327,-0.10521113435240977,-0.990818389348128,-0.08490898973524902,-0.0667529526864756,-0.9827718236637577,-0.172347282891983,-0.025008978558052126,-0.9863516009552576,-0.16274234324380052,0.991146734221579,-0.11452303689412825,-0.06717607656334888,0.008001099950810536,-0.9987469150846722,-0.04940224699776071,0.06872745091946833,-0.9884518951254044,-0.13505328027526223,0.07929583989366681,-0.9874128987914574,-0.1368500532546801,0.8771300551829844,0.45028428643432633,-0.1669937953488821,0.08108682688789262,-0.9921383647641205,-0.09532256641755965,0.10695764907737089,-0.9890472328946518,-0.1017134819346699,0.07807044702180632,-0.9921815109878732,-0.09736967985793221,0.6750400579801888,0.7155822954676079,-0.1796187588627993,0.2583185075085263,-0.9643917615076492,-0.056745740058093935,0.1411282041126245,-0.9826744837826007,-0.120140288523644,0.12362037206483158,-0.9917506511729277,-0.03389173215736396,0.07491771067129425,-0.9966053562599081,-0.034133568548189525,도전 수화 기부
-0.7653588430180456,-0.605820432715887,-0.21727274269455424,-0.4681451081530853,-0.8816134097995793,-0.05998294235776548,-0.3783800397703207,-0.9230542644317218,-0.06927748853576793,-0.4379106377014585,-0.8941573088917016,-0.09336477035505412,-0.20407594243883578,-0.9788834403370716,-0.0118414505682236,-0.12125368140010111,-0.9858862726367841,-0.1154374383519996,-0.08092467123085596,-0.9783987743710962,-0.19022890394289338,-0.017913138611319938,-0.9852552041725949,-0.17015082167274323,0.9702491819216149,-0.22372234744310235,-0.09254640044315525,-0.006487486613905743,-0.9974640202347785,-0.07087623617622237,0.025851491559168202,-0.9891227350948052,-0.1448030224226626,0.07035751759820263,-0.9865582237347643,-0.14748793475645808,0.9232351096139693,0.32819718507358603,-0.19980875878163265,0.06313972290663708,-0.9925811959403814,-0.10390353630572614,0.07150666471929419,-0.9891236169876758,-0.12853508166232303,0.07301184683720391,-0.991137841692144,-0.11097319039866878,0.7113305803604554,0.6692881345082238,-0.21462105779852872,0.24349703185837737,-0.9638294814366638,-0.10836016883381132,0.11455638743740758,-0.9848803827915728,-0.1299517821717572,0.08645871990356718,-0.9941443061955185,-0.0648227445551921,0.0736729543044695,-0.9960737482969614,-0.04908547399886453,도전 수화 기부
-0.7889564963372874,-0.5716544865605953,-0.2252971257746849,-0.5009721768885191,-0.8639019984544246,-0.05196359350573853,-0.38917113964637023,-0.9194257146652898,-0.05658780149967586,-0.445828291516538,-0.892577757906532,-0.06739495955924941,-0.23649239337840883,-0.9716264610414528,-0.0036562382600357672,-0.1879920349944395,-0.9762067390870804,-0.10807126047020243,-0.15637382966152935,-0.9656641536519066,-0.20746076194966068,-0.10737503036983746,-0.9758043502583219,-0.19046383612121923,0.9408099888028638,-0.33007193575921945,-0.07700053371839068,-0.09378058827672421,-0.9933871203000466,-0.06623617202444693,-0.06782467504790644,-0.9862062876964351,-0.15098666021427906,-0.05624357468941667,-0.9858829349711897,-0.15770700313793645,0.9473272879703621,0.26138130238097446,-0.18506978206164376,-0.013430448689973232,-0.9949875995601891,-0.09909237997666041,-0.017214976075181847,-0.990025329183433,-0.13983380197207743,-0.04362522985768555,-0.99057045991428,-0.12987302747328217,0.7728966605543126,0.6025382464014459,-0.19894324247750206,0.1990317986634208,-0.9761960867581502,-0.08618319626747149,0.06391687665428114,-0.9906476655686326,-0.12054806336967927,0.014997438832513942,-0.9969594648498546,-0.07646503955898111,-0.0034364023102640686,-0.997804461181313,-0.06613961283400206,도전 수화 기부
-0.8035500503976143,-0.5575643442279908,-0.20839702145568667,-0.5064351456696975,-0.8619531907908053,-0.02366727943938212,-0.3845397435718645,-0.9228754810597282,-0.02073721467458698,-0.4508778761709333,-0.8924315931834531,-0.016582890810471346,-0.2510973612060187,-0.9678974358289507,0.011165523324786895,-0.18737396323664637,-0.9783368476875104,-0.08802278317490904,-0.1683153110969972,-0.970970656137253,-0.16995864488372886,-0.11780078306663315,-0.9807007038168853,-0.15604199768637278,0.9345443031777734,-0.35203601082745467,-0.051938352675668625,-0.082425453391069,-0.9957628273298335,-0.04077298543610646,-0.08047810720347931,-0.9904551159304652,-0.1119014637442877,-0.07004459599303464,-0.9903117546238495,-0.11990155639525812,0.9619424523818112,0.2172127689803165,-0.16578700581641112,-0.017949209951543154,-0.997123001570213,-0.07364472555264465,-0.021367594276592704,-0.9946106754522711,-0.10145457205669997,-0.047844776248732755,-0.9944029915372753,-0.09419961681146168,0.799535783662997,0.5699245028814806,-0.18954838869717283,0.1932485198577808,-0.9793043429282391,-0.06014992514265372,0.06904425484187493,-0.9925372086784695,-0.10051258758027487,0.013137484228589402,-0.9986959107226147,-0.04933441409473544,-0.006392225444888602,-0.9991843485572933,-0.039872008376791605,도전 수화 기부
-0.7790493810877501,-0.5969141991148987,-0.19176939464318188,-0.5079186095611995,-0.8611500764485689,-0.020957859958543743,-0.3875859447574257,-0.9216047952505734,-0.020536231339818235,-0.47710127710945277,-0.8787286320890775,-0.014503879735711902,-0.24827785178069214,-0.9684868166279118,0.019783688561495094,-0.17394083663817428,-0.9818009651469797,-0.07623286814800603,-0.13526925900881584,-0.977776271053623,-0.16017425302363017,-0.09442674444101648,-0.9842524127442,-0.1494348618679465,0.9326166720444943,-0.35536004327935605,-0.06281228116496418,-0.0749744800126029,-0.9967280296438007,-0.030200368693552193,-0.0654393579056459,-0.9915606693154002,-0.1119157250063291,-0.06277445317188209,-0.9902584965826396,-0.12428788345957757,0.9587598169171221,0.22244477966824816,-0.17691221965537346,-0.006288863146584738,-0.9981138756827842,-0.06106669607744616,-0.014604299214697586,-0.9946601678568511,-0.10216586966021791,-0.044285953685657714,-0.993814841145217,-0.10183720256202508,0.7914218787622154,0.5793655242437452,-0.19490253752646636,0.191345765565789,-0.9799749043970941,-0.05509977088834581,0.07859972465173953,-0.993688009783009,-0.08003888116505292,0.01625739239081172,-0.9991469601680837,-0.037961153558986056,-0.024969428834636063,-0.9989825064291116,-0.03755635062519014,도전 수화 기부
